[{"model": "admin.logentry", "pk": 1, "fields": {"action_time": "2023-06-12T17:22:47.968Z", "user": 1, "content_type": 14, "object_id": "10", "object_repr": "", "action_flag": 3, "change_message": ""}}, {"model": "admin.logentry", "pk": 2, "fields": {"action_time": "2023-06-12T17:22:47.971Z", "user": 1, "content_type": 14, "object_id": "9", "object_repr": "", "action_flag": 3, "change_message": ""}}, {"model": "admin.logentry", "pk": 3, "fields": {"action_time": "2023-06-12T17:22:47.973Z", "user": 1, "content_type": 14, "object_id": "8", "object_repr": "", "action_flag": 3, "change_message": ""}}, {"model": "admin.logentry", "pk": 4, "fields": {"action_time": "2023-06-12T17:22:47.975Z", "user": 1, "content_type": 14, "object_id": "7", "object_repr": "", "action_flag": 3, "change_message": ""}}, {"model": "admin.logentry", "pk": 5, "fields": {"action_time": "2023-06-12T17:22:47.976Z", "user": 1, "content_type": 14, "object_id": "6", "object_repr": "", "action_flag": 3, "change_message": ""}}, {"model": "admin.logentry", "pk": 6, "fields": {"action_time": "2023-06-12T17:22:47.978Z", "user": 1, "content_type": 14, "object_id": "5", "object_repr": "", "action_flag": 3, "change_message": ""}}, {"model": "admin.logentry", "pk": 7, "fields": {"action_time": "2023-06-12T17:22:47.980Z", "user": 1, "content_type": 14, "object_id": "4", "object_repr": "", "action_flag": 3, "change_message": ""}}, {"model": "admin.logentry", "pk": 8, "fields": {"action_time": "2023-06-12T17:22:47.981Z", "user": 1, "content_type": 14, "object_id": "3", "object_repr": "", "action_flag": 3, "change_message": ""}}, {"model": "admin.logentry", "pk": 9, "fields": {"action_time": "2023-06-12T17:22:47.983Z", "user": 1, "content_type": 14, "object_id": "2", "object_repr": "", "action_flag": 3, "change_message": ""}}, {"model": "admin.logentry", "pk": 10, "fields": {"action_time": "2023-06-12T17:22:47.985Z", "user": 1, "content_type": 14, "object_id": "1", "object_repr": "", "action_flag": 3, "change_message": ""}}, {"model": "admin.logentry", "pk": 11, "fields": {"action_time": "2023-06-17T07:58:46.706Z", "user": 1, "content_type": 12, "object_id": "13", "object_repr": "387ae4cbf1196a15b586e8e43d3319a6", "action_flag": 2, "change_message": "[{\"changed\": {\"name\": \"\\u043a\\u0430\\u0440\\u0433\\u043e\\u0442\\u0438\\u043f \\u0442\\u043e\\u0432\\u0430\\u0440\\u0430\", \"object\": \"SkuCargotypes object (25)\", \"fields\": [\"Cargotype\"]}}, {\"deleted\": {\"name\": \"\\u043a\\u0430\\u0440\\u0433\\u043e\\u0442\\u0438\\u043f \\u0442\\u043e\\u0432\\u0430\\u0440\\u0430\", \"object\": \"SkuCargotypes object (None)\"}}, {\"deleted\": {\"name\": \"\\u043a\\u0430\\u0440\\u0433\\u043e\\u0442\\u0438\\u043f \\u0442\\u043e\\u0432\\u0430\\u0440\\u0430\", \"object\": \"SkuCargotypes object (None)\"}}, {\"deleted\": {\"name\": \"\\u043a\\u0430\\u0440\\u0433\\u043e\\u0442\\u0438\\u043f \\u0442\\u043e\\u0432\\u0430\\u0440\\u0430\", \"object\": \"SkuCargotypes object (None)\"}}, {\"deleted\": {\"name\": \"\\u043a\\u0430\\u0440\\u0433\\u043e\\u0442\\u0438\\u043f \\u0442\\u043e\\u0432\\u0430\\u0440\\u0430\", \"object\": \"SkuCargotypes object (None)\"}}]"}}, {"model": "admin.logentry", "pk": 12, "fields": {"action_time": "2023-06-17T07:58:56.662Z", "user": 1, "content_type": 12, "object_id": "13", "object_repr": "387ae4cbf1196a15b586e8e43d3319a6", "action_flag": 2, "change_message": "[]"}}, {"model": "admin.logentry", "pk": 13, "fields": {"action_time": "2023-06-17T07:59:39.620Z", "user": 1, "content_type": 12, "object_id": "22", "object_repr": "5590dfd2880c485171fb76939f07b66a", "action_flag": 2, "change_message": "[{\"changed\": {\"name\": \"\\u043a\\u0430\\u0440\\u0433\\u043e\\u0442\\u0438\\u043f \\u0442\\u043e\\u0432\\u0430\\u0440\\u0430\", \"object\": \"SkuCargotypes object (79)\", \"fields\": [\"Cargotype\"]}}, {\"deleted\": {\"name\": \"\\u043a\\u0430\\u0440\\u0433\\u043e\\u0442\\u0438\\u043f \\u0442\\u043e\\u0432\\u0430\\u0440\\u0430\", \"object\": \"SkuCargotypes object (None)\"}}]"}}, {"model": "admin.logentry", "pk": 14, "fields": {"action_time": "2023-06-17T08:31:35.763Z", "user": 1, "content_type": 12, "object_id": "22", "object_repr": "5590dfd2880c485171fb76939f07b66a", "action_flag": 2, "change_message": "[{\"added\": {\"name\": \"\\u043a\\u0430\\u0440\\u0433\\u043e\\u0442\\u0438\\u043f \\u0442\\u043e\\u0432\\u0430\\u0440\\u0430\", \"object\": \"SkuCargotypes object (111)\"}}]"}}, {"model": "admin.logentry", "pk": 15, "fields": {"action_time": "2023-06-17T14:47:21.381Z", "user": 1, "content_type": 14, "object_id": "86", "object_repr": "<function uuid4 at 0x7f3596f7dd00>", "action_flag": 3, "change_message": ""}}, {"model": "admin.logentry", "pk": 16, "fields": {"action_time": "2023-06-17T14:47:21.384Z", "user": 1, "content_type": 14, "object_id": "85", "object_repr": "<function uuid4 at 0x7f299ef89d00>", "action_flag": 3, "change_message": ""}}, {"model": "admin.logentry", "pk": 17, "fields": {"action_time": "2023-06-17T14:47:21.386Z", "user": 1, "content_type": 14, "object_id": "84", "object_repr": "<function uuid4 at 0x7f337a699da0>", "action_flag": 3, "change_message": ""}}, {"model": "admin.logentry", "pk": 18, "fields": {"action_time": "2023-06-17T14:47:21.388Z", "user": 1, "content_type": 14, "object_id": "83", "object_repr": "<function uuid4 at 0x7f5b51275da0>", "action_flag": 3, "change_message": ""}}, {"model": "admin.logentry", "pk": 19, "fields": {"action_time": "2023-06-17T14:47:21.389Z", "user": 1, "content_type": 14, "object_id": "82", "object_repr": "<function uuid4 at 0x7fb741591b20>", "action_flag": 3, "change_message": ""}}, {"model": "admin.logentry", "pk": 20, "fields": {"action_time": "2023-06-17T14:47:21.391Z", "user": 1, "content_type": 14, "object_id": "81", "object_repr": "<function uuid4 at 0x7fe98af89b20>", "action_flag": 3, "change_message": ""}}, {"model": "admin.logentry", "pk": 21, "fields": {"action_time": "2023-06-17T14:47:21.393Z", "user": 1, "content_type": 14, "object_id": "80", "object_repr": "<function uuid4 at 0x7f7bad579b20>", "action_flag": 3, "change_message": ""}}, {"model": "admin.logentry", "pk": 22, "fields": {"action_time": "2023-06-17T14:47:21.395Z", "user": 1, "content_type": 14, "object_id": "79", "object_repr": "<function uuid4 at 0x7fb3b8091d00>", "action_flag": 3, "change_message": ""}}, {"model": "admin.logentry", "pk": 23, "fields": {"action_time": "2023-06-17T14:47:21.397Z", "user": 1, "content_type": 14, "object_id": "78", "object_repr": "<function uuid4 at 0x7fb3b8091d00>", "action_flag": 3, "change_message": ""}}, {"model": "admin.logentry", "pk": 24, "fields": {"action_time": "2023-06-17T14:47:21.399Z", "user": 1, "content_type": 14, "object_id": "77", "object_repr": "", "action_flag": 3, "change_message": ""}}, {"model": "admin.logentry", "pk": 25, "fields": {"action_time": "2023-06-17T14:47:21.401Z", "user": 1, "content_type": 14, "object_id": "76", "object_repr": "<function uuid4 at 0x7f1defb95b20>", "action_flag": 3, "change_message": ""}}, {"model": "admin.logentry", "pk": 26, "fields": {"action_time": "2023-06-17T14:47:21.403Z", "user": 1, "content_type": 14, "object_id": "75", "object_repr": "<function uuid4 at 0x7f4d49b85d00>", "action_flag": 3, "change_message": ""}}, {"model": "admin.logentry", "pk": 27, "fields": {"action_time": "2023-06-17T14:47:21.405Z", "user": 1, "content_type": 14, "object_id": "74", "object_repr": "<function uuid4 at 0x7f4d49b85d00>", "action_flag": 3, "change_message": ""}}, {"model": "admin.logentry", "pk": 28, "fields": {"action_time": "2023-06-17T14:47:21.407Z", "user": 1, "content_type": 14, "object_id": "73", "object_repr": "<function uuid4 at 0x7f21afe8dd00>", "action_flag": 3, "change_message": ""}}, {"model": "admin.logentry", "pk": 29, "fields": {"action_time": "2023-06-17T14:47:21.409Z", "user": 1, "content_type": 14, "object_id": "72", "object_repr": "<function uuid4 at 0x7fdaea395d00>", "action_flag": 3, "change_message": ""}}, {"model": "admin.logentry", "pk": 30, "fields": {"action_time": "2023-06-17T14:47:21.411Z", "user": 1, "content_type": 14, "object_id": "71", "object_repr": "<function uuid4 at 0x7fdaea395d00>", "action_flag": 3, "change_message": ""}}, {"model": "admin.logentry", "pk": 31, "fields": {"action_time": "2023-06-17T14:47:21.413Z", "user": 1, "content_type": 14, "object_id": "70", "object_repr": "<function uuid4 at 0x7fd118d85d00>", "action_flag": 3, "change_message": ""}}, {"model": "admin.logentry", "pk": 32, "fields": {"action_time": "2023-06-17T14:47:21.415Z", "user": 1, "content_type": 14, "object_id": "69", "object_repr": "<function uuid4 at 0x7fa094075b20>", "action_flag": 3, "change_message": ""}}, {"model": "admin.logentry", "pk": 33, "fields": {"action_time": "2023-06-17T14:47:21.417Z", "user": 1, "content_type": 14, "object_id": "68", "object_repr": "<function uuid4 at 0x7fa094075b20>", "action_flag": 3, "change_message": ""}}, {"model": "admin.logentry", "pk": 34, "fields": {"action_time": "2023-06-17T14:47:21.419Z", "user": 1, "content_type": 14, "object_id": "67", "object_repr": "<function uuid4 at 0x7fa094075b20>", "action_flag": 3, "change_message": ""}}, {"model": "admin.logentry", "pk": 35, "fields": {"action_time": "2023-06-17T14:47:21.420Z", "user": 1, "content_type": 14, "object_id": "66", "object_repr": "<function uuid4 at 0x7fa094075b20>", "action_flag": 3, "change_message": ""}}, {"model": "admin.logentry", "pk": 36, "fields": {"action_time": "2023-06-17T14:47:21.422Z", "user": 1, "content_type": 14, "object_id": "65", "object_repr": "<function uuid4 at 0x7ff202b9db20>", "action_flag": 3, "change_message": ""}}, {"model": "admin.logentry", "pk": 37, "fields": {"action_time": "2023-06-17T14:47:21.424Z", "user": 1, "content_type": 14, "object_id": "64", "object_repr": "<function uuid4 at 0x7fbb83b79b20>", "action_flag": 3, "change_message": ""}}, {"model": "admin.logentry", "pk": 38, "fields": {"action_time": "2023-06-17T14:47:21.426Z", "user": 1, "content_type": 14, "object_id": "63", "object_repr": "<function uuid4 at 0x7fbb83b79b20>", "action_flag": 3, "change_message": ""}}, {"model": "admin.logentry", "pk": 39, "fields": {"action_time": "2023-06-17T14:47:21.428Z", "user": 1, "content_type": 14, "object_id": "62", "object_repr": "<function uuid4 at 0x7f3595f8db20>", "action_flag": 3, "change_message": ""}}, {"model": "admin.logentry", "pk": 40, "fields": {"action_time": "2023-06-17T14:47:21.430Z", "user": 1, "content_type": 14, "object_id": "61", "object_repr": "<function uuid4 at 0x7fb8e0b81b20>", "action_flag": 3, "change_message": ""}}, {"model": "admin.logentry", "pk": 41, "fields": {"action_time": "2023-06-17T14:47:21.432Z", "user": 1, "content_type": 14, "object_id": "60", "object_repr": "<function uuid4 at 0x7ff4c4581d00>", "action_flag": 3, "change_message": ""}}, {"model": "admin.logentry", "pk": 42, "fields": {"action_time": "2023-06-17T14:47:21.434Z", "user": 1, "content_type": 14, "object_id": "59", "object_repr": "<function uuid4 at 0x7f39a5a75b20>", "action_flag": 3, "change_message": ""}}, {"model": "admin.logentry", "pk": 43, "fields": {"action_time": "2023-06-17T14:47:21.436Z", "user": 1, "content_type": 14, "object_id": "58", "object_repr": "<function uuid4 at 0x7ff04e685d00>", "action_flag": 3, "change_message": ""}}, {"model": "admin.logentry", "pk": 44, "fields": {"action_time": "2023-06-17T14:47:21.438Z", "user": 1, "content_type": 14, "object_id": "57", "object_repr": "<function uuid4 at 0x7f074d17db20>", "action_flag": 3, "change_message": ""}}, {"model": "admin.logentry", "pk": 45, "fields": {"action_time": "2023-06-17T14:47:21.440Z", "user": 1, "content_type": 14, "object_id": "56", "object_repr": "<function uuid4 at 0x7fb2c1591b20>", "action_flag": 3, "change_message": ""}}, {"model": "admin.logentry", "pk": 46, "fields": {"action_time": "2023-06-17T14:47:21.442Z", "user": 1, "content_type": 14, "object_id": "55", "object_repr": "", "action_flag": 3, "change_message": ""}}, {"model": "admin.logentry", "pk": 47, "fields": {"action_time": "2023-06-17T14:47:21.444Z", "user": 1, "content_type": 14, "object_id": "54", "object_repr": "", "action_flag": 3, "change_message": ""}}, {"model": "admin.logentry", "pk": 48, "fields": {"action_time": "2023-06-17T14:47:21.445Z", "user": 1, "content_type": 14, "object_id": "53", "object_repr": "", "action_flag": 3, "change_message": ""}}, {"model": "admin.logentry", "pk": 49, "fields": {"action_time": "2023-06-17T14:47:21.447Z", "user": 1, "content_type": 14, "object_id": "52", "object_repr": "", "action_flag": 3, "change_message": ""}}, {"model": "admin.logentry", "pk": 50, "fields": {"action_time": "2023-06-17T14:47:21.449Z", "user": 1, "content_type": 14, "object_id": "51", "object_repr": "", "action_flag": 3, "change_message": ""}}, {"model": "admin.logentry", "pk": 51, "fields": {"action_time": "2023-06-17T14:47:21.451Z", "user": 1, "content_type": 14, "object_id": "50", "object_repr": "", "action_flag": 3, "change_message": ""}}, {"model": "admin.logentry", "pk": 52, "fields": {"action_time": "2023-06-17T14:47:21.453Z", "user": 1, "content_type": 14, "object_id": "49", "object_repr": "", "action_flag": 3, "change_message": ""}}, {"model": "admin.logentry", "pk": 53, "fields": {"action_time": "2023-06-17T14:47:21.455Z", "user": 1, "content_type": 14, "object_id": "48", "object_repr": "", "action_flag": 3, "change_message": ""}}, {"model": "admin.logentry", "pk": 54, "fields": {"action_time": "2023-06-17T14:47:21.457Z", "user": 1, "content_type": 14, "object_id": "47", "object_repr": "", "action_flag": 3, "change_message": ""}}, {"model": "admin.logentry", "pk": 55, "fields": {"action_time": "2023-06-17T14:47:21.459Z", "user": 1, "content_type": 14, "object_id": "46", "object_repr": "", "action_flag": 3, "change_message": ""}}, {"model": "admin.logentry", "pk": 56, "fields": {"action_time": "2023-06-17T14:47:21.461Z", "user": 1, "content_type": 14, "object_id": "45", "object_repr": "", "action_flag": 3, "change_message": ""}}, {"model": "admin.logentry", "pk": 57, "fields": {"action_time": "2023-06-17T14:47:21.463Z", "user": 1, "content_type": 14, "object_id": "44", "object_repr": "", "action_flag": 3, "change_message": ""}}, {"model": "admin.logentry", "pk": 58, "fields": {"action_time": "2023-06-17T14:47:21.465Z", "user": 1, "content_type": 14, "object_id": "43", "object_repr": "", "action_flag": 3, "change_message": ""}}, {"model": "admin.logentry", "pk": 59, "fields": {"action_time": "2023-06-17T14:47:21.467Z", "user": 1, "content_type": 14, "object_id": "42", "object_repr": "", "action_flag": 3, "change_message": ""}}, {"model": "admin.logentry", "pk": 60, "fields": {"action_time": "2023-06-17T14:47:21.469Z", "user": 1, "content_type": 14, "object_id": "41", "object_repr": "", "action_flag": 3, "change_message": ""}}, {"model": "admin.logentry", "pk": 61, "fields": {"action_time": "2023-06-17T14:47:21.471Z", "user": 1, "content_type": 14, "object_id": "40", "object_repr": "", "action_flag": 3, "change_message": ""}}, {"model": "admin.logentry", "pk": 62, "fields": {"action_time": "2023-06-17T14:47:21.473Z", "user": 1, "content_type": 14, "object_id": "39", "object_repr": "", "action_flag": 3, "change_message": ""}}, {"model": "admin.logentry", "pk": 63, "fields": {"action_time": "2023-06-17T14:47:21.475Z", "user": 1, "content_type": 14, "object_id": "38", "object_repr": "", "action_flag": 3, "change_message": ""}}, {"model": "admin.logentry", "pk": 64, "fields": {"action_time": "2023-06-17T14:47:21.477Z", "user": 1, "content_type": 14, "object_id": "37", "object_repr": "", "action_flag": 3, "change_message": ""}}, {"model": "admin.logentry", "pk": 65, "fields": {"action_time": "2023-06-17T14:47:21.479Z", "user": 1, "content_type": 14, "object_id": "36", "object_repr": "", "action_flag": 3, "change_message": ""}}, {"model": "admin.logentry", "pk": 66, "fields": {"action_time": "2023-06-17T14:47:21.481Z", "user": 1, "content_type": 14, "object_id": "35", "object_repr": "", "action_flag": 3, "change_message": ""}}, {"model": "admin.logentry", "pk": 67, "fields": {"action_time": "2023-06-17T14:47:21.483Z", "user": 1, "content_type": 14, "object_id": "34", "object_repr": "", "action_flag": 3, "change_message": ""}}, {"model": "admin.logentry", "pk": 68, "fields": {"action_time": "2023-06-17T14:47:21.485Z", "user": 1, "content_type": 14, "object_id": "33", "object_repr": "", "action_flag": 3, "change_message": ""}}, {"model": "admin.logentry", "pk": 69, "fields": {"action_time": "2023-06-17T14:47:21.487Z", "user": 1, "content_type": 14, "object_id": "32", "object_repr": "", "action_flag": 3, "change_message": ""}}, {"model": "admin.logentry", "pk": 70, "fields": {"action_time": "2023-06-17T14:47:21.489Z", "user": 1, "content_type": 14, "object_id": "31", "object_repr": "", "action_flag": 3, "change_message": ""}}, {"model": "admin.logentry", "pk": 71, "fields": {"action_time": "2023-06-17T14:47:21.491Z", "user": 1, "content_type": 14, "object_id": "30", "object_repr": "", "action_flag": 3, "change_message": ""}}, {"model": "admin.logentry", "pk": 72, "fields": {"action_time": "2023-06-17T14:47:21.493Z", "user": 1, "content_type": 14, "object_id": "29", "object_repr": "", "action_flag": 3, "change_message": ""}}, {"model": "admin.logentry", "pk": 73, "fields": {"action_time": "2023-06-17T14:47:21.495Z", "user": 1, "content_type": 14, "object_id": "28", "object_repr": "", "action_flag": 3, "change_message": ""}}, {"model": "admin.logentry", "pk": 74, "fields": {"action_time": "2023-06-17T14:47:21.497Z", "user": 1, "content_type": 14, "object_id": "27", "object_repr": "", "action_flag": 3, "change_message": ""}}, {"model": "admin.logentry", "pk": 75, "fields": {"action_time": "2023-06-17T14:47:21.499Z", "user": 1, "content_type": 14, "object_id": "26", "object_repr": "", "action_flag": 3, "change_message": ""}}, {"model": "admin.logentry", "pk": 76, "fields": {"action_time": "2023-06-17T14:47:21.501Z", "user": 1, "content_type": 14, "object_id": "25", "object_repr": "", "action_flag": 3, "change_message": ""}}, {"model": "admin.logentry", "pk": 77, "fields": {"action_time": "2023-06-17T14:47:21.503Z", "user": 1, "content_type": 14, "object_id": "24", "object_repr": "", "action_flag": 3, "change_message": ""}}, {"model": "admin.logentry", "pk": 78, "fields": {"action_time": "2023-06-17T14:47:21.505Z", "user": 1, "content_type": 14, "object_id": "23", "object_repr": "", "action_flag": 3, "change_message": ""}}, {"model": "admin.logentry", "pk": 79, "fields": {"action_time": "2023-06-17T14:47:21.507Z", "user": 1, "content_type": 14, "object_id": "22", "object_repr": "", "action_flag": 3, "change_message": ""}}, {"model": "admin.logentry", "pk": 80, "fields": {"action_time": "2023-06-17T14:47:21.509Z", "user": 1, "content_type": 14, "object_id": "21", "object_repr": "", "action_flag": 3, "change_message": ""}}, {"model": "admin.logentry", "pk": 81, "fields": {"action_time": "2023-06-17T14:47:21.511Z", "user": 1, "content_type": 14, "object_id": "20", "object_repr": "", "action_flag": 3, "change_message": ""}}, {"model": "admin.logentry", "pk": 82, "fields": {"action_time": "2023-06-17T14:47:21.513Z", "user": 1, "content_type": 14, "object_id": "19", "object_repr": "", "action_flag": 3, "change_message": ""}}, {"model": "admin.logentry", "pk": 83, "fields": {"action_time": "2023-06-17T14:47:21.515Z", "user": 1, "content_type": 14, "object_id": "18", "object_repr": "", "action_flag": 3, "change_message": ""}}, {"model": "admin.logentry", "pk": 84, "fields": {"action_time": "2023-06-17T14:47:21.517Z", "user": 1, "content_type": 14, "object_id": "17", "object_repr": "", "action_flag": 3, "change_message": ""}}, {"model": "admin.logentry", "pk": 85, "fields": {"action_time": "2023-06-17T14:47:21.519Z", "user": 1, "content_type": 14, "object_id": "16", "object_repr": "", "action_flag": 3, "change_message": ""}}, {"model": "admin.logentry", "pk": 86, "fields": {"action_time": "2023-06-17T14:47:21.521Z", "user": 1, "content_type": 14, "object_id": "15", "object_repr": "", "action_flag": 3, "change_message": ""}}, {"model": "admin.logentry", "pk": 87, "fields": {"action_time": "2023-06-17T14:47:21.523Z", "user": 1, "content_type": 14, "object_id": "14", "object_repr": "", "action_flag": 3, "change_message": ""}}, {"model": "admin.logentry", "pk": 88, "fields": {"action_time": "2023-06-17T14:47:21.525Z", "user": 1, "content_type": 14, "object_id": "13", "object_repr": "", "action_flag": 3, "change_message": ""}}, {"model": "admin.logentry", "pk": 89, "fields": {"action_time": "2023-06-17T14:47:21.527Z", "user": 1, "content_type": 14, "object_id": "12", "object_repr": "", "action_flag": 3, "change_message": ""}}, {"model": "admin.logentry", "pk": 90, "fields": {"action_time": "2023-06-17T14:47:21.529Z", "user": 1, "content_type": 14, "object_id": "11", "object_repr": "", "action_flag": 3, "change_message": ""}}, {"model": "admin.logentry", "pk": 91, "fields": {"action_time": "2023-06-19T15:43:28.185Z", "user": 1, "content_type": 14, "object_id": "92", "object_repr": "<function uuid4 at 0x7f8638f91b20>", "action_flag": 3, "change_message": ""}}, {"model": "admin.logentry", "pk": 92, "fields": {"action_time": "2023-06-19T15:43:28.198Z", "user": 1, "content_type": 14, "object_id": "91", "object_repr": "<function uuid4 at 0x7fb518e75b20>", "action_flag": 3, "change_message": ""}}, {"model": "admin.logentry", "pk": 93, "fields": {"action_time": "2023-06-19T15:43:28.200Z", "user": 1, "content_type": 14, "object_id": "90", "object_repr": "<function uuid4 at 0x7f0bc8089b20>", "action_flag": 3, "change_message": ""}}, {"model": "admin.logentry", "pk": 94, "fields": {"action_time": "2023-06-19T15:43:28.202Z", "user": 1, "content_type": 14, "object_id": "89", "object_repr": "<function uuid4 at 0x7fb5c9279b20>", "action_flag": 3, "change_message": ""}}, {"model": "admin.logentry", "pk": 95, "fields": {"action_time": "2023-06-19T15:43:28.204Z", "user": 1, "content_type": 14, "object_id": "88", "object_repr": "<function uuid4 at 0x7fb5c9279b20>", "action_flag": 3, "change_message": ""}}, {"model": "admin.logentry", "pk": 96, "fields": {"action_time": "2023-06-19T15:43:28.207Z", "user": 1, "content_type": 14, "object_id": "87", "object_repr": "<function uuid4 at 0x7f40dd691d00>", "action_flag": 3, "change_message": ""}}, {"model": "sessions.session", "pk": "2or0y5ouvol3ghv4e4l7222frywqcner", "fields": {"session_data": ".eJxVjDsOwjAQBe_iGlmOHf8o6TmDtdld4wCypTipEHeHSCmgfTPzXiLBtpa0dV7STOIsBnH63SbAB9cd0B3qrUlsdV3mSe6KPGiX10b8vBzu30GBXr61ZqfQMAcmVipz9MjWofWYrdccvDJBGxhDhOAiDZmypeB4dE7ZHEG8P_iSOCw:1qBH0c:iFmSp8igtHgsssTZ3fkWXevFxtjlBf5VbaTFhSfbzv8", "expire_date": "2023-07-03T15:41:38.973Z"}}, {"model": "sessions.session", "pk": "ef0rpblcvqyxtlxw6g76yqzxvih06evk", "fields": {"session_data": ".eJxVjDsOwjAQBe_iGlmOHf8o6TmDtdld4wCypTipEHeHSCmgfTPzXiLBtpa0dV7STOIsBnH63SbAB9cd0B3qrUlsdV3mSe6KPGiX10b8vBzu30GBXr61ZqfQMAcmVipz9MjWofWYrdccvDJBGxhDhOAiDZmypeB4dE7ZHEG8P_iSOCw:1qAQoT:GUpfS3Iy-wyuioh7Ejpryban44RP8t-MgmrwEg5BMvA", "expire_date": "2023-07-01T07:57:37.358Z"}}, {"model": "sessions.session", "pk": "evkqwx8ngwpecfbu0m6w632t5q5w8rus", "fields": {"session_data": ".eJxVjDsOwjAQBe_iGlmOHf8o6TmDtdld4wCypTipEHeHSCmgfTPzXiLBtpa0dV7STOIsBnH63SbAB9cd0B3qrUlsdV3mSe6KPGiX10b8vBzu30GBXr61ZqfQMAcmVipz9MjWofWYrdccvDJBGxhDhOAiDZmypeB4dE7ZHEG8P_iSOCw:1q8lFR:EOfEQR-dLa1oV3Svmh5MQ9MUKmCWvdwFteqjSmRLTAQ", "expire_date": "2023-06-26T17:22:33.761Z"}}, {"model": "sessions.session", "pk": "ovb1zqrbu15sqmyaw8skv6bt31l5k3r6", "fields": {"session_data": ".eJxVjDsOwjAQBe_iGlmOHf8o6TmDtdld4wCypTipEHeHSCmgfTPzXiLBtpa0dV7STOIsBnH63SbAB9cd0B3qrUlsdV3mSe6KPGiX10b8vBzu30GBXr61ZqfQMAcmVipz9MjWofWYrdccvDJBGxhDhOAiDZmypeB4dE7ZHEG8P_iSOCw:1q9Sof:4S4uFje9hR3uvyspJkOJ1VZ0QC6nuTZF8HMOm1rM0Fo", "expire_date": "2023-06-28T15:53:49.677Z"}}, {"model": "authtoken.token", "pk": "914e35a224e24d37ce13e9817e0828fd9df05458", "fields": {"user": 2, "created": "2023-06-17T10:22:34.819Z"}}, {"model": "users.user", "pk": 1, "fields": {"password": "pbkdf2_sha256$320000$l1r3mBX5hEn8ThgWcK3gmG$qvRmIY6/cyiWeC2410FDQBK6MQXnDnuXUfevxkyzIhI=", "last_login": "2023-06-19T15:41:38.970Z", "is_superuser": true, "first_name": "", "last_name": "", "email": "admin@admin.py", "is_staff": true, "is_active": true, "date_joined": "2023-06-12T15:58:54.886Z", "username": "admin", "who": null, "role": "user", "groups": [], "user_permissions": []}}, {"model": "users.user", "pk": 2, "fields": {"password": "pbkdf2_sha256$320000$FSovzdQ2tEfnkFjSrUaNUk$sCNhahqpJWPt42SQsEm3PR5b5uSNhummDY6DmYDX0FY=", "last_login": "2023-06-17T10:22:34.821Z", "is_superuser": false, "first_name": "Анна", "last_name": "Пупкина", "email": "", "is_staff": false, "is_active": true, "date_joined": "2023-06-17T10:20:36.632Z", "username": "anna.pupkina", "who": "56pCtW4wrx2ezTgFpz3M5XPplEgQ0lM7", "role": "user", "groups": [], "user_permissions": []}}, {"model": "api.carton", "pk": 1, "fields": {"cartontype": "YMA", "length": 24.7, "width": 15.0, "height": 10.0, "displayrfpack": true}}, {"model": "api.carton", "pk": 2, "fields": {"cartontype": "YMC", "length": 30.0, "width": 20.0, "height": 15.0, "displayrfpack": true}}, {"model": "api.carton", "pk": 3, "fields": {"cartontype": "YME", "length": 30.0, "width": 30.0, "height": 44.5, "displayrfpack": true}}, {"model": "api.carton", "pk": 4, "fields": {"cartontype": "YMF", "length": 35.0, "width": 25.0, "height": 15.0, "displayrfpack": true}}, {"model": "api.carton", "pk": 5, "fields": {"cartontype": "YMG", "length": 44.7, "width": 30.0, "height": 20.0, "displayrfpack": true}}, {"model": "api.carton", "pk": 6, "fields": {"cartontype": "YMH", "length": 42.0, "width": 20.0, "height": 86.0, "displayrfpack": false}}, {"model": "api.carton", "pk": 7, "fields": {"cartontype": "YMJ", "length": 50.0, "width": 29.0, "height": 48.0, "displayrfpack": false}}, {"model": "api.carton", "pk": 8, "fields": {"cartontype": "KSD", "length": 0.0, "width": 0.0, "height": 0.0, "displayrfpack": false}}, {"model": "api.carton", "pk": 9, "fields": {"cartontype": "YML", "length": 60.0, "width": 40.0, "height": 45.0, "displayrfpack": true}}, {"model": "api.carton", "pk": 10, "fields": {"cartontype": "YMN", "length": 60.0, "width": 60.0, "height": 40.0, "displayrfpack": false}}, {"model": "api.carton", "pk": 11, "fields": {"cartontype": "YMO", "length": 65.0, "width": 45.0, "height": 20.0, "displayrfpack": false}}, {"model": "api.carton", "pk": 12, "fields": {"cartontype": "YMP", "length": 70.0, "width": 30.0, "height": 22.0, "displayrfpack": false}}, {"model": "api.carton", "pk": 13, "fields": {"cartontype": "YMQ", "length": 70.0, "width": 60.0, "height": 40.0, "displayrfpack": false}}, {"model": "api.carton", "pk": 14, "fields": {"cartontype": "YMR", "length": 80.0, "width": 60.0, "height": 80.0, "displayrfpack": false}}, {"model": "api.carton", "pk": 15, "fields": {"cartontype": "YMS", "length": 89.5, "width": 59.5, "height": 49.5, "displayrfpack": false}}, {"model": "api.carton", "pk": 16, "fields": {"cartontype": "NONPACK", "length": 0.0, "width": 0.0, "height": 0.0, "displayrfpack": true}}, {"model": "api.carton", "pk": 17, "fields": {"cartontype": "STRETCH", "length": 0.0, "width": 0.0, "height": 0.0, "displayrfpack": true}}, {"model": "api.carton", "pk": 18, "fields": {"cartontype": "YMU", "length": 27.0, "width": 24.0, "height": 4.0, "displayrfpack": true}}, {"model": "api.carton", "pk": 19, "fields": {"cartontype": "YMV", "length": 37.0, "width": 29.0, "height": 4.0, "displayrfpack": true}}, {"model": "api.carton", "pk": 20, "fields": {"cartontype": "YMW", "length": 40.0, "width": 30.0, "height": 15.0, "displayrfpack": true}}, {"model": "api.carton", "pk": 21, "fields": {"cartontype": "YMХ", "length": 40.0, "width": 18.0, "height": 65.0, "displayrfpack": false}}, {"model": "api.carton", "pk": 22, "fields": {"cartontype": "MYF", "length": 20.0, "width": 15.0, "height": 5.0, "displayrfpack": true}}, {"model": "api.carton", "pk": 23, "fields": {"cartontype": "YMX", "length": 40.0, "width": 18.0, "height": 65.0, "displayrfpack": true}}, {"model": "api.carton", "pk": 24, "fields": {"cartontype": "YMY", "length": 52.0, "width": 20.0, "height": 70.0, "displayrfpack": false}}, {"model": "api.carton", "pk": 25, "fields": {"cartontype": "MYA", "length": 15.0, "width": 20.0, "height": 3.33, "displayrfpack": true}}, {"model": "api.carton", "pk": 26, "fields": {"cartontype": "MYB", "length": 22.0, "width": 32.0, "height": 4.9, "displayrfpack": true}}, {"model": "api.carton", "pk": 27, "fields": {"cartontype": "MYC", "length": 30.0, "width": 38.0, "height": 7.4, "displayrfpack": true}}, {"model": "api.carton", "pk": 28, "fields": {"cartontype": "MYD", "length": 38.0, "width": 50.0, "height": 8.2, "displayrfpack": true}}, {"model": "api.carton", "pk": 29, "fields": {"cartontype": "MYE", "length": 43.0, "width": 63.0, "height": 9.7, "displayrfpack": true}}, {"model": "api.cargotypeinfo", "pk": 1, "fields": {"cargotype": 770, "description": "консервы"}}, {"model": "api.cargotypeinfo", "pk": 2, "fields": {"cargotype": 301, "description": "тяжеловесный и крупногабаритный 20кг"}}, {"model": "api.cargotypeinfo", "pk": 3, "fields": {"cargotype": 980, "description": "Требует обязательной маркировки"}}, {"model": "api.cargotypeinfo", "pk": 4, "fields": {"cargotype": 985, "description": "Не требует наличия маркировки, но требует вывода через ЦРПТ маркированных товаров"}}, {"model": "api.cargotypeinfo", "pk": 5, "fields": {"cargotype": 990, "description": "Потребует обязательной маркировки в ближайшем будущем"}}, {"model": "api.cargotypeinfo", "pk": 6, "fields": {"cargotype": 910, "description": "интим товар"}}, {"model": "api.cargotypeinfo", "pk": 7, "fields": {"cargotype": 900, "description": "медикаменты"}}, {"model": "api.cargotypeinfo", "pk": 8, "fields": {"cargotype": 10, "description": "документы и ценные бумаги"}}, {"model": "api.cargotypeinfo", "pk": 9, "fields": {"cargotype": 50, "description": "предметы искусства"}}, {"model": "api.cargotypeinfo", "pk": 10, "fields": {"cargotype": 100, "description": "товары народного потребления"}}, {"model": "api.cargotypeinfo", "pk": 11, "fields": {"cargotype": 200, "description": "техника и электроника"}}, {"model": "api.cargotypeinfo", "pk": 12, "fields": {"cargotype": 220, "description": "литий-ионные батареи"}}, {"model": "api.cargotypeinfo", "pk": 13, "fields": {"cargotype": 500, "description": "влажный (мокрый)"}}, {"model": "api.cargotypeinfo", "pk": 14, "fields": {"cargotype": 460, "description": "пахучий"}}, {"model": "api.cargotypeinfo", "pk": 15, "fields": {"cargotype": 720, "description": "готовое блюда"}}, {"model": "api.cargotypeinfo", "pk": 16, "fields": {"cargotype": 955, "description": "пачкает"}}, {"model": "api.cargotypeinfo", "pk": 17, "fields": {"cargotype": 40, "description": "ценное"}}, {"model": "api.cargotypeinfo", "pk": 18, "fields": {"cargotype": 470, "description": "порошки (в том числе мелкодисперсные)"}}, {"model": "api.cargotypeinfo", "pk": 19, "fields": {"cargotype": 800, "description": "животные"}}, {"model": "api.cargotypeinfo", "pk": 20, "fields": {"cargotype": 960, "description": "мнется"}}, {"model": "api.cargotypeinfo", "pk": 21, "fields": {"cargotype": 450, "description": "аэрозоли и газы"}}, {"model": "api.cargotypeinfo", "pk": 22, "fields": {"cargotype": 700, "description": "скоропортящийся"}}, {"model": "api.cargotypeinfo", "pk": 23, "fields": {"cargotype": 710, "description": "полуфабрикат"}}, {"model": "api.cargotypeinfo", "pk": 24, "fields": {"cargotype": 950, "description": "пачкается"}}, {"model": "api.cargotypeinfo", "pk": 25, "fields": {"cargotype": 230, "description": "техника и электроника с литий-ионными батареями"}}, {"model": "api.cargotypeinfo", "pk": 26, "fields": {"cargotype": 440, "description": "косметика и парфюмерия"}}, {"model": "api.cargotypeinfo", "pk": 27, "fields": {"cargotype": 485, "description": "бытовая химия"}}, {"model": "api.cargotypeinfo", "pk": 28, "fields": {"cargotype": 790, "description": "охлажденные"}}, {"model": "api.cargotypeinfo", "pk": 29, "fields": {"cargotype": 150, "description": "малогабаритный товар"}}, {"model": "api.cargotypeinfo", "pk": 30, "fields": {"cargotype": 310, "description": "хрупкое"}}, {"model": "api.cargotypeinfo", "pk": 31, "fields": {"cargotype": 420, "description": "оружие и взрывчатые вещества"}}, {"model": "api.cargotypeinfo", "pk": 32, "fields": {"cargotype": 970, "description": "впитывает запах"}}, {"model": "api.cargotypeinfo", "pk": 33, "fields": {"cargotype": 490, "description": "средства личной гигиены"}}, {"model": "api.cargotypeinfo", "pk": 34, "fields": {"cargotype": 750, "description": "продукты питания"}}, {"model": "api.cargotypeinfo", "pk": 35, "fields": {"cargotype": 510, "description": "сырье"}}, {"model": "api.cargotypeinfo", "pk": 36, "fields": {"cargotype": 480, "description": "химикаты"}}, {"model": "api.cargotypeinfo", "pk": 37, "fields": {"cargotype": 80, "description": "драгоценности"}}, {"model": "api.cargotypeinfo", "pk": 38, "fields": {"cargotype": 520, "description": "жидкость"}}, {"model": "api.cargotypeinfo", "pk": 39, "fields": {"cargotype": 760, "description": "замороженный"}}, {"model": "api.cargotypeinfo", "pk": 40, "fields": {"cargotype": 780, "description": "сухие"}}, {"model": "api.cargotypeinfo", "pk": 41, "fields": {"cargotype": 0, "description": "не определен"}}, {"model": "api.cargotypeinfo", "pk": 42, "fields": {"cargotype": 400, "description": "опасный"}}, {"model": "api.cargotypeinfo", "pk": 43, "fields": {"cargotype": 320, "description": "сыпучее"}}, {"model": "api.cargotypeinfo", "pk": 44, "fields": {"cargotype": 300, "description": "тяжеловесный и крупногабаритный"}}, {"model": "api.cargotypeinfo", "pk": 45, "fields": {"cargotype": 20, "description": "возрастное ограничение на получение товара"}}, {"model": "api.cargotypeinfo", "pk": 46, "fields": {"cargotype": 799, "description": "требует доставки с термо режимом 0+"}}, {"model": "api.cargotypeinfo", "pk": 47, "fields": {"cargotype": 140, "description": "пестициды"}}, {"model": "api.cargotypeinfo", "pk": 48, "fields": {"cargotype": 160, "description": "строительные материалы"}}, {"model": "api.cargotypeinfo", "pk": 49, "fields": {"cargotype": 130, "description": "агрохимикаты"}}, {"model": "api.cargotypeinfo", "pk": 50, "fields": {"cargotype": 120, "description": "корма для животных"}}, {"model": "api.cargotypeinfo", "pk": 51, "fields": {"cargotype": 410, "description": "опасный Авиа"}}, {"model": "api.cargotypeinfo", "pk": 52, "fields": {"cargotype": 752, "description": "ультра-фреш"}}, {"model": "api.cargotypeinfo", "pk": 53, "fields": {"cargotype": 751, "description": "фреш"}}, {"model": "api.cargotypeinfo", "pk": 54, "fields": {"cargotype": 110, "description": "в ассортименте"}}, {"model": "api.cargotypeinfo", "pk": 55, "fields": {"cargotype": 600, "description": "одежда, обувь, аксессуары"}}, {"model": "api.cargotypeinfo", "pk": 56, "fields": {"cargotype": 315, "description": "керамика"}}, {"model": "api.cargotypeinfo", "pk": 57, "fields": {"cargotype": 330, "description": "семена"}}, {"model": "api.cargotypeinfo", "pk": 58, "fields": {"cargotype": 905, "description": "БАДы"}}, {"model": "api.cargotypeinfo", "pk": 59, "fields": {"cargotype": 907, "description": "рецептурное лекарство"}}, {"model": "api.cargotypeinfo", "pk": 60, "fields": {"cargotype": 305, "description": "мебель"}}, {"model": "api.cargotypeinfo", "pk": 61, "fields": {"cargotype": 601, "description": "нельзя примерить"}}, {"model": "api.cargotypeinfo", "pk": 62, "fields": {"cargotype": 302, "description": "тяжеловесный и крупногабаритный больше паллеты"}}, {"model": "api.cargotypeinfo", "pk": 63, "fields": {"cargotype": 340, "description": "не требует упаковки"}}, {"model": "api.cargotypeinfo", "pk": 64, "fields": {"cargotype": 303, "description": "многоместный товар"}}, {"model": "api.cargotypeinfo", "pk": 65, "fields": {"cargotype": 291, "description": "Склад СГТ (среднегабаритный товар)"}}, {"model": "api.cargotypeinfo", "pk": 66, "fields": {"cargotype": 290, "description": "Склад МГТ (малогабаритный товар)"}}, {"model": "api.cargotypeinfo", "pk": 67, "fields": {"cargotype": 292, "description": "Склад КГТ (крупногабаритный товар)"}}, {"model": "api.cargotypeinfo", "pk": 68, "fields": {"cargotype": 920, "description": "Терморежим 13-22"}}, {"model": "api.cargotypeinfo", "pk": 69, "fields": {"cargotype": 350, "description": "возможно вскрытие заводской упаковки покупателем"}}, {"model": "api.cargotypeinfo", "pk": 70, "fields": {"cargotype": 1010, "description": "меркурий"}}, {"model": "api.cargotypeinfo", "pk": 71, "fields": {"cargotype": 210, "description": "цифровой товар"}}, {"model": "api.cargotypeinfo", "pk": 72, "fields": {"cargotype": 81, "description": "аксессуары, часы и украшения"}}, {"model": "api.cargotypeinfo", "pk": 73, "fields": {"cargotype": 441, "description": "товары для красоты"}}, {"model": "api.cargotypeinfo", "pk": 74, "fields": {"cargotype": 610, "description": "обувь взрослая"}}, {"model": "api.cargotypeinfo", "pk": 75, "fields": {"cargotype": 611, "description": "обувь детская"}}, {"model": "api.cargotypeinfo", "pk": 76, "fields": {"cargotype": 641, "description": "бытовая техника"}}, {"model": "api.cargotypeinfo", "pk": 77, "fields": {"cargotype": 672, "description": "товары для спорта и отдыха"}}, {"model": "api.cargotypeinfo", "pk": 78, "fields": {"cargotype": 671, "description": "детские игрушки и игры"}}, {"model": "api.cargotypeinfo", "pk": 79, "fields": {"cargotype": 930, "description": "Нельзя в Экспресс"}}, {"model": "api.cargotypeinfo", "pk": 80, "fields": {"cargotype": 931, "description": "Нельзя на ФФЦ и СЦ"}}, {"model": "api.cargotypeinfo", "pk": 81, "fields": {"cargotype": 620, "description": "одежда верхняя"}}, {"model": "api.cargotypeinfo", "pk": 82, "fields": {"cargotype": 622, "description": "одежда детская"}}, {"model": "api.cargotypeinfo", "pk": 83, "fields": {"cargotype": 621, "description": "одежда прочая"}}, {"model": "api.cargotypeinfo", "pk": 84, "fields": {"cargotype": 623, "description": "одежда с плечиками"}}, {"model": "api.cargotypeinfo", "pk": 85, "fields": {"cargotype": 692, "description": "цена высокая"}}, {"model": "api.cargotypeinfo", "pk": 86, "fields": {"cargotype": 673, "description": "ручки письменные"}}, {"model": "api.cargotypeinfo", "pk": 87, "fields": {"cargotype": 801, "description": "товары для животных"}}, {"model": "api.cargotypeinfo", "pk": 88, "fields": {"cargotype": 690, "description": "цена низкая"}}, {"model": "api.cargotypeinfo", "pk": 89, "fields": {"cargotype": 670, "description": "товары для авто и мототехники"}}, {"model": "api.cargotypeinfo", "pk": 90, "fields": {"cargotype": 901, "description": "аптека"}}, {"model": "api.cargotypeinfo", "pk": 91, "fields": {"cargotype": 691, "description": "цена средняя"}}, {"model": "api.cargotypeinfo", "pk": 92, "fields": {"cargotype": 640, "description": "электроника"}}, {"model": "api.cargotypeinfo", "pk": 93, "fields": {"cargotype": 908, "description": "ветеринарная аптека"}}, {"model": "api.cargotypeinfo", "pk": 94, "fields": {"cargotype": 1300, "description": "большой аксессуар"}}, {"model": "api.cargotypeinfo", "pk": 95, "fields": {"cargotype": 1200, "description": "малый аксессуар"}}, {"model": "api.cargotypeinfo", "pk": 96, "fields": {"cargotype": 360, "description": "упаковка в пленку"}}, {"model": "api.cartonprice", "pk": 1, "fields": {"created_at": "2023-06-12T15:51:45.538Z", "updated_at": "2023-06-12T15:51:45.538Z", "carton": 25, "price": 1.10986120605469}}, {"model": "api.cartonprice", "pk": 2, "fields": {"created_at": "2023-06-12T15:51:45.538Z", "updated_at": "2023-06-12T15:51:45.538Z", "carton": 26, "price": 2.29743245442708}}, {"model": "api.cartonprice", "pk": 3, "fields": {"created_at": "2023-06-12T15:51:45.538Z", "updated_at": "2023-06-12T15:51:45.538Z", "carton": 27, "price": 3.61671256510417}}, {"model": "api.cartonprice", "pk": 4, "fields": {"created_at": "2023-06-12T15:51:45.538Z", "updated_at": "2023-06-12T15:51:45.538Z", "carton": 28, "price": 6.91837518601191}}, {"model": "api.cartonprice", "pk": 5, "fields": {"created_at": "2023-06-12T15:51:45.538Z", "updated_at": "2023-06-12T15:51:45.538Z", "carton": 29, "price": 8.06272243923611}}, {"model": "api.cartonprice", "pk": 6, "fields": {"created_at": "2023-06-12T15:51:45.538Z", "updated_at": "2023-06-12T15:51:45.538Z", "carton": 22, "price": 4.08313023663949}}, {"model": "api.cartonprice", "pk": 7, "fields": {"created_at": "2023-06-12T15:51:45.538Z", "updated_at": "2023-06-12T15:51:45.538Z", "carton": 1, "price": 4.39293721516927}}, {"model": "api.cartonprice", "pk": 8, "fields": {"created_at": "2023-06-12T15:51:45.538Z", "updated_at": "2023-06-12T15:51:45.538Z", "carton": 2, "price": 7.77748710436699}}, {"model": "api.cartonprice", "pk": 9, "fields": {"created_at": "2023-06-12T15:51:45.538Z", "updated_at": "2023-06-12T15:51:45.538Z", "carton": 3, "price": 23.6702600549768}}, {"model": "api.cartonprice", "pk": 10, "fields": {"created_at": "2023-06-12T15:51:45.538Z", "updated_at": "2023-06-12T15:51:45.538Z", "carton": 4, "price": 10.6614871294071}}, {"model": "api.cartonprice", "pk": 11, "fields": {"created_at": "2023-06-12T15:51:45.538Z", "updated_at": "2023-06-12T15:51:45.538Z", "carton": 5, "price": 17.4663671875}}, {"model": "api.cartonprice", "pk": 12, "fields": {"created_at": "2023-06-12T15:51:45.538Z", "updated_at": "2023-06-12T15:51:45.538Z", "carton": 9, "price": 37.6945662313433}}, {"model": "api.cartonprice", "pk": 13, "fields": {"created_at": "2023-06-12T15:51:45.538Z", "updated_at": "2023-06-12T15:51:45.538Z", "carton": 20, "price": 13.8700002034505}}, {"model": "api.cartonprice", "pk": 14, "fields": {"created_at": "2023-06-12T15:51:45.538Z", "updated_at": "2023-06-12T15:51:45.538Z", "carton": 23, "price": 28.48125}}, {"model": "api.cartonprice", "pk": 15, "fields": {"created_at": "2023-06-12T15:51:45.538Z", "updated_at": "2023-06-12T15:51:45.538Z", "carton": 24, "price": 40.9111781529018}}, {"model": "api.sku", "pk": 1, "fields": {"created_at": "2023-06-12T15:53:39.168Z", "sku": "4862bf0e760a593b13f3f2fcf822e533", "length": 11.0, "width": 31.0, "height": 28.0, "goods_wght": 37.11, "image": "https://random.dog/2059c82d-452f-4d80-bb11-818da1451511.jpg", "description": null}}, {"model": "api.sku", "pk": 2, "fields": {"created_at": "2023-06-12T15:53:39.168Z", "sku": "01ccf7d7c4f728f6c17607416b6725c9", "length": 29.0, "width": 14.0, "height": 40.0, "goods_wght": 45.24, "image": "https://random.dog/26c6d088-05de-4b85-b446-e961e2b6c516.jpg", "description": null}}, {"model": "api.sku", "pk": 3, "fields": {"created_at": "2023-06-12T15:53:39.168Z", "sku": "12b6974d9562493b03bc9b1ade65adf8", "length": 12.0, "width": 13.0, "height": 35.0, "goods_wght": 43.57, "image": "https://random.dog/73f9d78d-2501-4245-a540-c086ee4a89aa.jpg", "description": null}}, {"model": "api.sku", "pk": 4, "fields": {"created_at": "2023-06-12T15:53:39.168Z", "sku": "17f28d65d5f45a925d1221dd441c2ad1", "length": 3.0, "width": 13.0, "height": 8.0, "goods_wght": 58.62, "image": "https://random.dog/e1aaa91a-e9f4-4490-b8cf-ad195ffd88c9.gif", "description": null}}, {"model": "api.sku", "pk": 5, "fields": {"created_at": "2023-06-12T15:53:39.168Z", "sku": "1aa37d1fc3842659cc1a02ae277fd96c", "length": 96.0, "width": 18.0, "height": 56.0, "goods_wght": 20.13, "image": "https://random.dog/07fcc953-0502-4cb6-bc0e-9b9d6904442d.jpg", "description": null}}, {"model": "api.sku", "pk": 6, "fields": {"created_at": "2023-06-12T15:53:39.168Z", "sku": "1c82feb47edeb92e973e794ddbdddf54", "length": 60.0, "width": 98.0, "height": 12.0, "goods_wght": 19.05, "image": "https://random.dog/1e8d7674-2889-498a-828d-161fd7ff372a.jpg", "description": null}}, {"model": "api.sku", "pk": 7, "fields": {"created_at": "2023-06-12T15:53:39.169Z", "sku": "1fc825d0ab8fbabd82266ac8aa5e3912", "length": 40.0, "width": 2.0, "height": 39.0, "goods_wght": 94.01, "image": "https://random.dog/214f3314-9e45-409e-8443-40bce665d7ba.JPG", "description": null}}, {"model": "api.sku", "pk": 8, "fields": {"created_at": "2023-06-12T15:53:39.169Z", "sku": "239a1cb31d1e18507efc66db0107a25e", "length": 3.0, "width": 17.0, "height": 10.0, "goods_wght": 19.18, "image": "https://random.dog/4fe9272e-003d-4d7b-81e5-bcd61c59b188.JPG", "description": null}}, {"model": "api.sku", "pk": 9, "fields": {"created_at": "2023-06-12T15:53:39.169Z", "sku": "24ce9dba9f301ada55f60e25ee1498d2", "length": 81.0, "width": 51.0, "height": 14.0, "goods_wght": 64.52, "image": "https://random.dog/7e1527a4-9c07-48df-a877-4c6e4681adc1.jpg", "description": null}}, {"model": "api.sku", "pk": 10, "fields": {"created_at": "2023-06-12T15:53:39.169Z", "sku": "31a135500290542bbd18fa69a2cdcf51", "length": 17.0, "width": 24.0, "height": 33.0, "goods_wght": 72.62, "image": "https://random.dog/140185e8-eeb4-4855-bf50-625ab81a6e46.mp4", "description": null}}, {"model": "api.sku", "pk": 11, "fields": {"created_at": "2023-06-12T15:53:39.169Z", "sku": "35e4099857e4bffac6dedb1e212c0f1b", "length": 38.0, "width": 10.0, "height": 33.0, "goods_wght": 1.75, "image": "https://random.dog/e5ef11bc-5698-4e22-9909-49c44e265ee7.JPG", "description": null}}, {"model": "api.sku", "pk": 12, "fields": {"created_at": "2023-06-12T15:53:39.169Z", "sku": "3776bc0de82c89caa5afd3b3f5ef99ab", "length": 6.0, "width": 7.0, "height": 7.0, "goods_wght": 69.0, "image": "https://random.dog/d24d3b62-bdc5-472c-8500-d31b8b2d8d81.mp4", "description": null}}, {"model": "api.sku", "pk": 13, "fields": {"created_at": "2023-06-12T15:53:39.169Z", "sku": "387ae4cbf1196a15b586e8e43d3319a6", "length": 46.0, "width": 13.0, "height": 30.0, "goods_wght": 82.09, "image": "https://random.dog/c5a493db-526c-4563-9e97-f12b36d592d6.jpg", "description": ""}}, {"model": "api.sku", "pk": 14, "fields": {"created_at": "2023-06-12T15:53:39.169Z", "sku": "39ff500f488658d0515dbaa89c91208c", "length": 25.0, "width": 7.0, "height": 15.0, "goods_wght": 11.53, "image": "https://random.dog/77f957db-25ee-47d1-b44a-6918452d846a.jpg", "description": null}}, {"model": "api.sku", "pk": 15, "fields": {"created_at": "2023-06-12T15:53:39.169Z", "sku": "42313f77229f91f1bc8aad767bbb2b2a", "length": 18.8, "width": 10.8, "height": 25.4, "goods_wght": 12.75, "image": "https://random.dog/f0ba87f4-d2f3-4430-8727-6b2f6a49dfe7.jpg", "description": null}}, {"model": "api.sku", "pk": 16, "fields": {"created_at": "2023-06-12T15:53:39.169Z", "sku": "46437db881c2c83eadbf7c897abdec9f", "length": 15.0, "width": 51.0, "height": 82.0, "goods_wght": 34.15, "image": "https://random.dog/2f49d548-9046-4d7f-8ce8-a0ab446a2d81.mp4", "description": null}}, {"model": "api.sku", "pk": 17, "fields": {"created_at": "2023-06-12T15:53:39.169Z", "sku": "479a473a3bb586fd667e7ee85427dfad", "length": 11.0, "width": 1.0, "height": 5.0, "goods_wght": 35.3, "image": "https://random.dog/4e460068-825d-4277-a269-00e0675b0faf.jpg", "description": null}}, {"model": "api.sku", "pk": 18, "fields": {"created_at": "2023-06-12T15:53:39.169Z", "sku": "4ac39911de0f18a8a99847694babfd74", "length": 13.0, "width": 17.0, "height": 13.0, "goods_wght": 95.93, "image": "https://random.dog/18b28093-a586-40ab-8f1d-f19d5805e52a.mp4", "description": null}}, {"model": "api.sku", "pk": 19, "fields": {"created_at": "2023-06-12T15:53:39.169Z", "sku": "50d3c4fc66ad423b7feaadff2d682ee0", "length": 15.0, "width": 26.0, "height": 23.0, "goods_wght": 41.82, "image": "https://random.dog/b3b20013-8bc5-40be-bafc-43fdabc18104.jpg", "description": null}}, {"model": "api.sku", "pk": 20, "fields": {"created_at": "2023-06-12T15:53:39.169Z", "sku": "54a4f25859c817c131b7ec620d1ff278", "length": 15.0, "width": 5.0, "height": 10.0, "goods_wght": 44.53, "image": "https://random.dog/45aacb93-9768-485d-b873-5550fcb412df.gif", "description": null}}, {"model": "api.sku", "pk": 21, "fields": {"created_at": "2023-06-12T15:53:39.169Z", "sku": "552ce424622689ffbe5b2f0923f65db0", "length": 20.8, "width": 12.0, "height": 32.0, "goods_wght": 53.86, "image": "https://random.dog/e5ccde95-9fce-4eaf-8500-5d5fbe43cb56.jpg", "description": null}}, {"model": "api.sku", "pk": 22, "fields": {"created_at": "2023-06-12T15:53:39.169Z", "sku": "5590dfd2880c485171fb76939f07b66a", "length": 16.0, "width": 121.0, "height": 66.0, "goods_wght": 77.25, "image": "https://random.dog/42980553-2f4f-4829-86a0-1c9ba7b7300c.jpg", "description": ""}}, {"model": "api.sku", "pk": 23, "fields": {"created_at": "2023-06-12T15:53:39.169Z", "sku": "5708e75d59f6dd06f228a869fa29548a", "length": 34.0, "width": 34.0, "height": 34.0, "goods_wght": 6.83, "image": "https://random.dog/8f24262b-8d28-4dd6-8989-8868a1bab715.mp4", "description": null}}, {"model": "api.sku", "pk": 24, "fields": {"created_at": "2023-06-12T15:53:39.169Z", "sku": "5b94613996d27ce2c3d9ad983f612a37", "length": 10.0, "width": 15.0, "height": 10.0, "goods_wght": 17.63, "image": "https://random.dog/dfcd6aad-2519-42ca-adbb-2b157ac57b9f.jpg", "description": null}}, {"model": "api.sku", "pk": 25, "fields": {"created_at": "2023-06-12T15:53:39.169Z", "sku": "660dab0d5185085c1ddf886c9bc60d5b", "length": 15.0, "width": 5.0, "height": 10.0, "goods_wght": 17.75, "image": "https://random.dog/2bcdf75e-c059-492d-8b51-62c02c24ca25.JPG", "description": null}}, {"model": "api.sku", "pk": 26, "fields": {"created_at": "2023-06-12T15:53:39.169Z", "sku": "7262fee36e9145bcc7dd0f13ed92916a", "length": 6.0, "width": 7.0, "height": 8.0, "goods_wght": 76.96, "image": "https://random.dog/AchingAmbitiousBonobo.webm", "description": null}}, {"model": "api.sku", "pk": 27, "fields": {"created_at": "2023-06-12T15:53:39.169Z", "sku": "731c108b140fab328a725562a2358139", "length": 9.0, "width": 2.0, "height": 5.0, "goods_wght": 30.78, "image": "https://random.dog/46be3661-2d29-4119-8841-baa86c4a73ba.jpg", "description": null}}, {"model": "api.sku", "pk": 28, "fields": {"created_at": "2023-06-12T15:53:39.169Z", "sku": "751cdf9b42a2f207fb93b227960a3d47", "length": 71.77, "width": 18.15, "height": 68.35, "goods_wght": 7.19, "image": "https://random.dog/558a7405-e60d-46fe-9b98-f2b015bd1974.jpg", "description": null}}, {"model": "api.sku", "pk": 29, "fields": {"created_at": "2023-06-12T15:53:39.169Z", "sku": "7f3e0307356634f1fd92a0ac45b47fbc", "length": 16.54, "width": 37.69, "height": 17.4, "goods_wght": 54.66, "image": "https://random.dog/e2024ac7-8078-413b-9298-5eeaf6b2fe32.jpg", "description": null}}, {"model": "api.sku", "pk": 30, "fields": {"created_at": "2023-06-12T15:53:39.169Z", "sku": "8ce6ec2ce8841c8ff8255e410b1fa2ec", "length": 17.28, "width": 48.13, "height": 89.1, "goods_wght": 5.79, "image": "https://random.dog/866c8bed-e040-4e05-9009-9d525e03c9f6.jpg", "description": null}}, {"model": "api.sku", "pk": 31, "fields": {"created_at": "2023-06-12T15:53:39.169Z", "sku": "997a8408e2740478cb380e0818dfca77", "length": 84.01, "width": 79.33, "height": 21.04, "goods_wght": 81.45, "image": "https://random.dog/1573beb6-6c9f-4705-95c9-7878c7c2e8d8.jpg", "description": null}}, {"model": "api.sku", "pk": 32, "fields": {"created_at": "2023-06-12T15:53:39.169Z", "sku": "ab344690667594166951cd433b03f5c5", "length": 65.26, "width": 24.04, "height": 30.75, "goods_wght": 77.37, "image": "https://random.dog/e1311960-ea27-49a2-9789-d854f4500fea.gif", "description": null}}, {"model": "api.sku", "pk": 33, "fields": {"created_at": "2023-06-12T15:53:39.169Z", "sku": "ab8875eb3044a873f96258e1b62f88cd", "length": 44.39, "width": 11.9, "height": 66.44, "goods_wght": 36.62, "image": "https://random.dog/d4287fd5-ec3f-4816-a8e1-962ee8e86643.jpg", "description": null}}, {"model": "api.sku", "pk": 34, "fields": {"created_at": "2023-06-12T15:53:39.169Z", "sku": "ae74b61d6ec2694f14efaf2a1711a9d0", "length": 35.85, "width": 99.47, "height": 56.76, "goods_wght": 12.2, "image": "https://random.dog/529985ad-9d89-44c1-94cd-d0059bc628e5.mp4", "description": null}}, {"model": "api.sku", "pk": 35, "fields": {"created_at": "2023-06-12T15:53:39.169Z", "sku": "bb582b646a6393f75611992729c97fb5", "length": 32.17, "width": 82.68, "height": 37.21, "goods_wght": 86.67, "image": "https://random.dog/a4c0bd01-b45b-4d53-bd5f-3577b9126b50.mp4", "description": null}}, {"model": "api.sku", "pk": 36, "fields": {"created_at": "2023-06-12T15:53:39.169Z", "sku": "c01c1a77151df752ffd2155bbd2cb0df", "length": 51.34, "width": 70.47, "height": 25.07, "goods_wght": 20.45, "image": "https://random.dog/73f9d78d-2501-4245-a540-c086ee4a89aa.jpg", "description": null}}, {"model": "api.sku", "pk": 37, "fields": {"created_at": "2023-06-12T15:53:39.169Z", "sku": "d24a863ff25f86ba5de075484db2ee54", "length": 62.05, "width": 85.1, "height": 31.25, "goods_wght": 8.33, "image": "https://random.dog/4a5a3a3d-f5fe-4044-9424-d8da1a2ea2d3.JPG", "description": null}}, {"model": "api.sku", "pk": 38, "fields": {"created_at": "2023-06-12T15:53:39.169Z", "sku": "d909d5bb5c5562405ba134aec1bcb6d4", "length": 42.18, "width": 42.18, "height": 38.92, "goods_wght": 11.1, "image": "https://random.dog/4e21051d-1e7a-4ecc-b284-b49a57a5c5e5.jpg", "description": null}}, {"model": "api.sku", "pk": 39, "fields": {"created_at": "2023-06-12T15:53:39.169Z", "sku": "dc73eeb62d13e21fa05cf42d89779ac9", "length": 24.24, "width": 62.17, "height": 30.72, "goods_wght": 17.19, "image": "https://random.dog/a18ee053-2efe-4da9-b18e-3aef7dad1fa3.jpeg", "description": null}}, {"model": "api.sku", "pk": 40, "fields": {"created_at": "2023-06-12T15:53:39.169Z", "sku": "dcc688feae059f745a8d989f8b45f734", "length": 83.6, "width": 73.54, "height": 22.42, "goods_wght": 19.53, "image": "https://random.dog/f886b15c-69d6-4840-bfe9-fd8442dcb516.jpg", "description": null}}, {"model": "api.sku", "pk": 41, "fields": {"created_at": "2023-06-12T15:53:39.169Z", "sku": "dedc31f1dd711fa7808fbdffc136dac5", "length": 80.47, "width": 94.3, "height": 18.58, "goods_wght": 20.15, "image": "https://random.dog/e1311960-ea27-49a2-9789-d854f4500fea.gif", "description": null}}, {"model": "api.sku", "pk": 42, "fields": {"created_at": "2023-06-12T15:53:39.169Z", "sku": "e691211125c43d07895f56a3a8cc7438", "length": 8.04, "width": 65.39, "height": 43.25, "goods_wght": 79.78, "image": "https://random.dog/2b4fe73e-1f73-4a1a-bdd6-d831078f8a9e.JPG", "description": null}}, {"model": "api.skucargotypes", "pk": 1, "fields": {"sku": 1, "cargotype": 66}}, {"model": "api.skucargotypes", "pk": 2, "fields": {"sku": 1, "cargotype": 90}}, {"model": "api.skucargotypes", "pk": 3, "fields": {"sku": 19, "cargotype": 66}}, {"model": "api.skucargotypes", "pk": 4, "fields": {"sku": 19, "cargotype": 90}}, {"model": "api.skucargotypes", "pk": 5, "fields": {"sku": 9, "cargotype": 66}}, {"model": "api.skucargotypes", "pk": 6, "fields": {"sku": 9, "cargotype": 73}}, {"model": "api.skucargotypes", "pk": 7, "fields": {"sku": 9, "cargotype": 33}}, {"model": "api.skucargotypes", "pk": 8, "fields": {"sku": 20, "cargotype": 66}}, {"model": "api.skucargotypes", "pk": 9, "fields": {"sku": 20, "cargotype": 73}}, {"model": "api.skucargotypes", "pk": 10, "fields": {"sku": 20, "cargotype": 33}}, {"model": "api.skucargotypes", "pk": 11, "fields": {"sku": 24, "cargotype": 66}}, {"model": "api.skucargotypes", "pk": 12, "fields": {"sku": 24, "cargotype": 73}}, {"model": "api.skucargotypes", "pk": 13, "fields": {"sku": 37, "cargotype": 33}}, {"model": "api.skucargotypes", "pk": 14, "fields": {"sku": 38, "cargotype": 67}}, {"model": "api.skucargotypes", "pk": 15, "fields": {"sku": 38, "cargotype": 51}}, {"model": "api.skucargotypes", "pk": 16, "fields": {"sku": 38, "cargotype": 36}}, {"model": "api.skucargotypes", "pk": 17, "fields": {"sku": 38, "cargotype": 27}}, {"model": "api.skucargotypes", "pk": 18, "fields": {"sku": 38, "cargotype": 38}}, {"model": "api.skucargotypes", "pk": 19, "fields": {"sku": 38, "cargotype": 89}}, {"model": "api.skucargotypes", "pk": 20, "fields": {"sku": 42, "cargotype": 67}}, {"model": "api.skucargotypes", "pk": 21, "fields": {"sku": 42, "cargotype": 51}}, {"model": "api.skucargotypes", "pk": 22, "fields": {"sku": 26, "cargotype": 27}}, {"model": "api.skucargotypes", "pk": 23, "fields": {"sku": 26, "cargotype": 38}}, {"model": "api.skucargotypes", "pk": 24, "fields": {"sku": 26, "cargotype": 89}}, {"model": "api.skucargotypes", "pk": 25, "fields": {"sku": 13, "cargotype": 96}}, {"model": "api.skucargotypes", "pk": 30, "fields": {"sku": 12, "cargotype": 89}}, {"model": "api.skucargotypes", "pk": 31, "fields": {"sku": 30, "cargotype": 11}}, {"model": "api.skucargotypes", "pk": 32, "fields": {"sku": 30, "cargotype": 67}}, {"model": "api.skucargotypes", "pk": 33, "fields": {"sku": 30, "cargotype": 44}}, {"model": "api.skucargotypes", "pk": 34, "fields": {"sku": 30, "cargotype": 2}}, {"model": "api.skucargotypes", "pk": 35, "fields": {"sku": 15, "cargotype": 11}}, {"model": "api.skucargotypes", "pk": 36, "fields": {"sku": 15, "cargotype": 67}}, {"model": "api.skucargotypes", "pk": 37, "fields": {"sku": 15, "cargotype": 44}}, {"model": "api.skucargotypes", "pk": 38, "fields": {"sku": 15, "cargotype": 2}}, {"model": "api.skucargotypes", "pk": 39, "fields": {"sku": 14, "cargotype": 11}}, {"model": "api.skucargotypes", "pk": 40, "fields": {"sku": 14, "cargotype": 67}}, {"model": "api.skucargotypes", "pk": 41, "fields": {"sku": 14, "cargotype": 2}}, {"model": "api.skucargotypes", "pk": 42, "fields": {"sku": 11, "cargotype": 66}}, {"model": "api.skucargotypes", "pk": 43, "fields": {"sku": 16, "cargotype": 66}}, {"model": "api.skucargotypes", "pk": 44, "fields": {"sku": 16, "cargotype": 92}}, {"model": "api.skucargotypes", "pk": 45, "fields": {"sku": 6, "cargotype": 11}}, {"model": "api.skucargotypes", "pk": 46, "fields": {"sku": 28, "cargotype": 51}}, {"model": "api.skucargotypes", "pk": 47, "fields": {"sku": 28, "cargotype": 15}}, {"model": "api.skucargotypes", "pk": 48, "fields": {"sku": 28, "cargotype": 34}}, {"model": "api.skucargotypes", "pk": 49, "fields": {"sku": 28, "cargotype": 40}}, {"model": "api.skucargotypes", "pk": 50, "fields": {"sku": 28, "cargotype": 20}}, {"model": "api.skucargotypes", "pk": 51, "fields": {"sku": 23, "cargotype": 66}}, {"model": "api.skucargotypes", "pk": 52, "fields": {"sku": 23, "cargotype": 51}}, {"model": "api.skucargotypes", "pk": 53, "fields": {"sku": 23, "cargotype": 15}}, {"model": "api.skucargotypes", "pk": 54, "fields": {"sku": 23, "cargotype": 34}}, {"model": "api.skucargotypes", "pk": 55, "fields": {"sku": 23, "cargotype": 40}}, {"model": "api.skucargotypes", "pk": 56, "fields": {"sku": 35, "cargotype": 66}}, {"model": "api.skucargotypes", "pk": 57, "fields": {"sku": 35, "cargotype": 43}}, {"model": "api.skucargotypes", "pk": 58, "fields": {"sku": 35, "cargotype": 51}}, {"model": "api.skucargotypes", "pk": 59, "fields": {"sku": 10, "cargotype": 26}}, {"model": "api.skucargotypes", "pk": 60, "fields": {"sku": 10, "cargotype": 73}}, {"model": "api.skucargotypes", "pk": 61, "fields": {"sku": 10, "cargotype": 33}}, {"model": "api.skucargotypes", "pk": 62, "fields": {"sku": 10, "cargotype": 38}}, {"model": "api.skucargotypes", "pk": 63, "fields": {"sku": 10, "cargotype": 85}}, {"model": "api.skucargotypes", "pk": 64, "fields": {"sku": 2, "cargotype": 66}}, {"model": "api.skucargotypes", "pk": 65, "fields": {"sku": 2, "cargotype": 26}}, {"model": "api.skucargotypes", "pk": 66, "fields": {"sku": 2, "cargotype": 73}}, {"model": "api.skucargotypes", "pk": 67, "fields": {"sku": 2, "cargotype": 14}}, {"model": "api.skucargotypes", "pk": 68, "fields": {"sku": 2, "cargotype": 36}}, {"model": "api.skucargotypes", "pk": 69, "fields": {"sku": 2, "cargotype": 33}}, {"model": "api.skucargotypes", "pk": 70, "fields": {"sku": 2, "cargotype": 38}}, {"model": "api.skucargotypes", "pk": 71, "fields": {"sku": 2, "cargotype": 85}}, {"model": "api.skucargotypes", "pk": 72, "fields": {"sku": 39, "cargotype": 90}}, {"model": "api.skucargotypes", "pk": 73, "fields": {"sku": 39, "cargotype": 58}}, {"model": "api.skucargotypes", "pk": 74, "fields": {"sku": 27, "cargotype": 66}}, {"model": "api.skucargotypes", "pk": 75, "fields": {"sku": 27, "cargotype": 26}}, {"model": "api.skucargotypes", "pk": 76, "fields": {"sku": 27, "cargotype": 73}}, {"model": "api.skucargotypes", "pk": 77, "fields": {"sku": 27, "cargotype": 88}}, {"model": "api.skucargotypes", "pk": 78, "fields": {"sku": 5, "cargotype": 66}}, {"model": "api.skucargotypes", "pk": 79, "fields": {"sku": 22, "cargotype": 63}}, {"model": "api.skucargotypes", "pk": 81, "fields": {"sku": 25, "cargotype": 36}}, {"model": "api.skucargotypes", "pk": 82, "fields": {"sku": 25, "cargotype": 33}}, {"model": "api.skucargotypes", "pk": 83, "fields": {"sku": 25, "cargotype": 91}}, {"model": "api.skucargotypes", "pk": 84, "fields": {"sku": 34, "cargotype": 66}}, {"model": "api.skucargotypes", "pk": 85, "fields": {"sku": 34, "cargotype": 30}}, {"model": "api.skucargotypes", "pk": 86, "fields": {"sku": 34, "cargotype": 26}}, {"model": "api.skucargotypes", "pk": 87, "fields": {"sku": 34, "cargotype": 73}}, {"model": "api.skucargotypes", "pk": 88, "fields": {"sku": 32, "cargotype": 91}}, {"model": "api.skucargotypes", "pk": 89, "fields": {"sku": 7, "cargotype": 66}}, {"model": "api.skucargotypes", "pk": 90, "fields": {"sku": 7, "cargotype": 77}}, {"model": "api.skucargotypes", "pk": 91, "fields": {"sku": 7, "cargotype": 88}}, {"model": "api.skucargotypes", "pk": 92, "fields": {"sku": 33, "cargotype": 66}}, {"model": "api.skucargotypes", "pk": 93, "fields": {"sku": 36, "cargotype": 91}}, {"model": "api.skucargotypes", "pk": 94, "fields": {"sku": 36, "cargotype": 16}}, {"model": "api.skucargotypes", "pk": 95, "fields": {"sku": 31, "cargotype": 66}}, {"model": "api.skucargotypes", "pk": 96, "fields": {"sku": 31, "cargotype": 51}}, {"model": "api.skucargotypes", "pk": 97, "fields": {"sku": 31, "cargotype": 91}}, {"model": "api.skucargotypes", "pk": 98, "fields": {"sku": 40, "cargotype": 92}}, {"model": "api.skucargotypes", "pk": 99, "fields": {"sku": 41, "cargotype": 11}}, {"model": "api.skucargotypes", "pk": 100, "fields": {"sku": 41, "cargotype": 42}}, {"model": "api.skucargotypes", "pk": 101, "fields": {"sku": 41, "cargotype": 51}}, {"model": "api.skucargotypes", "pk": 102, "fields": {"sku": 3, "cargotype": 11}}, {"model": "api.skucargotypes", "pk": 103, "fields": {"sku": 18, "cargotype": 92}}, {"model": "api.skucargotypes", "pk": 104, "fields": {"sku": 8, "cargotype": 24}}, {"model": "api.skucargotypes", "pk": 105, "fields": {"sku": 4, "cargotype": 55}}, {"model": "api.skucargotypes", "pk": 106, "fields": {"sku": 4, "cargotype": 24}}, {"model": "api.skucargotypes", "pk": 107, "fields": {"sku": 4, "cargotype": 32}}, {"model": "api.skucargotypes", "pk": 108, "fields": {"sku": 21, "cargotype": 76}}, {"model": "api.skucargotypes", "pk": 109, "fields": {"sku": 29, "cargotype": 87}}, {"model": "api.skucargotypes", "pk": 110, "fields": {"sku": 17, "cargotype": 78}}, {"model": "api.skucargotypes", "pk": 111, "fields": {"sku": 22, "cargotype": 96}}, {"model": "api.whs", "pk": 1, "fields": {"whs": "main"}}, {"model": "api.skuinwhs", "pk": 1, "fields": {"created_at": "2023-06-12T15:55:44.650Z", "updated_at": "2023-06-12T15:55:44.650Z", "sku": 1, "whs": 1, "amount": 36}}, {"model": "api.skuinwhs", "pk": 2, "fields": {"created_at": "2023-06-12T15:55:44.650Z", "updated_at": "2023-06-12T15:55:44.650Z", "sku": 2, "whs": 1, "amount": 27}}, {"model": "api.skuinwhs", "pk": 3, "fields": {"created_at": "2023-06-12T15:55:44.650Z", "updated_at": "2023-06-12T15:55:44.650Z", "sku": 3, "whs": 1, "amount": 71}}, {"model": "api.skuinwhs", "pk": 4, "fields": {"created_at": "2023-06-12T15:55:44.650Z", "updated_at": "2023-06-12T15:55:44.650Z", "sku": 4, "whs": 1, "amount": 3}}, {"model": "api.skuinwhs", "pk": 5, "fields": {"created_at": "2023-06-12T15:55:44.651Z", "updated_at": "2023-06-12T15:55:44.651Z", "sku": 5, "whs": 1, "amount": 9}}, {"model": "api.skuinwhs", "pk": 6, "fields": {"created_at": "2023-06-12T15:55:44.651Z", "updated_at": "2023-06-12T15:55:44.651Z", "sku": 6, "whs": 1, "amount": 6}}, {"model": "api.skuinwhs", "pk": 7, "fields": {"created_at": "2023-06-12T15:55:44.651Z", "updated_at": "2023-06-12T15:55:44.651Z", "sku": 7, "whs": 1, "amount": 99}}, {"model": "api.skuinwhs", "pk": 8, "fields": {"created_at": "2023-06-12T15:55:44.651Z", "updated_at": "2023-06-12T15:55:44.651Z", "sku": 8, "whs": 1, "amount": 7}}, {"model": "api.skuinwhs", "pk": 9, "fields": {"created_at": "2023-06-12T15:55:44.651Z", "updated_at": "2023-06-12T15:55:44.651Z", "sku": 9, "whs": 1, "amount": 97}}, {"model": "api.skuinwhs", "pk": 10, "fields": {"created_at": "2023-06-12T15:55:44.651Z", "updated_at": "2023-06-12T15:55:44.651Z", "sku": 10, "whs": 1, "amount": 8}}, {"model": "api.skuinwhs", "pk": 11, "fields": {"created_at": "2023-06-12T15:55:44.651Z", "updated_at": "2023-06-12T15:55:44.651Z", "sku": 11, "whs": 1, "amount": 77}}, {"model": "api.skuinwhs", "pk": 12, "fields": {"created_at": "2023-06-12T15:55:44.651Z", "updated_at": "2023-06-12T15:55:44.651Z", "sku": 12, "whs": 1, "amount": 56}}, {"model": "api.skuinwhs", "pk": 13, "fields": {"created_at": "2023-06-12T15:55:44.651Z", "updated_at": "2023-06-12T15:55:44.651Z", "sku": 13, "whs": 1, "amount": 39}}, {"model": "api.skuinwhs", "pk": 14, "fields": {"created_at": "2023-06-12T15:55:44.651Z", "updated_at": "2023-06-12T15:55:44.651Z", "sku": 14, "whs": 1, "amount": 70}}, {"model": "api.skuinwhs", "pk": 15, "fields": {"created_at": "2023-06-12T15:55:44.651Z", "updated_at": "2023-06-12T15:55:44.651Z", "sku": 15, "whs": 1, "amount": 47}}, {"model": "api.skuinwhs", "pk": 16, "fields": {"created_at": "2023-06-12T15:55:44.651Z", "updated_at": "2023-06-12T15:55:44.651Z", "sku": 16, "whs": 1, "amount": 34}}, {"model": "api.skuinwhs", "pk": 17, "fields": {"created_at": "2023-06-12T15:55:44.651Z", "updated_at": "2023-06-12T15:55:44.651Z", "sku": 17, "whs": 1, "amount": 25}}, {"model": "api.skuinwhs", "pk": 18, "fields": {"created_at": "2023-06-12T15:55:44.651Z", "updated_at": "2023-06-12T15:55:44.651Z", "sku": 18, "whs": 1, "amount": 40}}, {"model": "api.skuinwhs", "pk": 19, "fields": {"created_at": "2023-06-12T15:55:44.651Z", "updated_at": "2023-06-12T15:55:44.651Z", "sku": 19, "whs": 1, "amount": 50}}, {"model": "api.skuinwhs", "pk": 20, "fields": {"created_at": "2023-06-12T15:55:44.651Z", "updated_at": "2023-06-12T15:55:44.651Z", "sku": 20, "whs": 1, "amount": 91}}, {"model": "api.skuinwhs", "pk": 21, "fields": {"created_at": "2023-06-12T15:55:44.651Z", "updated_at": "2023-06-12T15:55:44.651Z", "sku": 21, "whs": 1, "amount": 58}}, {"model": "api.skuinwhs", "pk": 22, "fields": {"created_at": "2023-06-12T15:55:44.651Z", "updated_at": "2023-06-12T15:55:44.651Z", "sku": 22, "whs": 1, "amount": 40}}, {"model": "api.skuinwhs", "pk": 23, "fields": {"created_at": "2023-06-12T15:55:44.651Z", "updated_at": "2023-06-12T15:55:44.651Z", "sku": 23, "whs": 1, "amount": 67}}, {"model": "api.skuinwhs", "pk": 24, "fields": {"created_at": "2023-06-12T15:55:44.652Z", "updated_at": "2023-06-12T15:55:44.652Z", "sku": 24, "whs": 1, "amount": 41}}, {"model": "api.skuinwhs", "pk": 25, "fields": {"created_at": "2023-06-12T15:55:44.652Z", "updated_at": "2023-06-12T15:55:44.652Z", "sku": 25, "whs": 1, "amount": 67}}, {"model": "api.skuinwhs", "pk": 26, "fields": {"created_at": "2023-06-12T15:55:44.652Z", "updated_at": "2023-06-12T15:55:44.652Z", "sku": 26, "whs": 1, "amount": 62}}, {"model": "api.skuinwhs", "pk": 27, "fields": {"created_at": "2023-06-12T15:55:44.652Z", "updated_at": "2023-06-12T15:55:44.652Z", "sku": 27, "whs": 1, "amount": 9}}, {"model": "api.skuinwhs", "pk": 28, "fields": {"created_at": "2023-06-12T15:55:44.652Z", "updated_at": "2023-06-12T15:55:44.652Z", "sku": 28, "whs": 1, "amount": 20}}, {"model": "api.skuinwhs", "pk": 29, "fields": {"created_at": "2023-06-12T15:55:44.652Z", "updated_at": "2023-06-12T15:55:44.652Z", "sku": 29, "whs": 1, "amount": 86}}, {"model": "api.skuinwhs", "pk": 30, "fields": {"created_at": "2023-06-12T15:55:44.652Z", "updated_at": "2023-06-12T15:55:44.652Z", "sku": 30, "whs": 1, "amount": 25}}, {"model": "api.skuinwhs", "pk": 31, "fields": {"created_at": "2023-06-12T15:55:44.652Z", "updated_at": "2023-06-12T15:55:44.652Z", "sku": 31, "whs": 1, "amount": 45}}, {"model": "api.skuinwhs", "pk": 32, "fields": {"created_at": "2023-06-12T15:55:44.652Z", "updated_at": "2023-06-12T15:55:44.652Z", "sku": 32, "whs": 1, "amount": 93}}, {"model": "api.skuinwhs", "pk": 33, "fields": {"created_at": "2023-06-12T15:55:44.652Z", "updated_at": "2023-06-12T15:55:44.652Z", "sku": 33, "whs": 1, "amount": 52}}, {"model": "api.skuinwhs", "pk": 34, "fields": {"created_at": "2023-06-12T15:55:44.652Z", "updated_at": "2023-06-12T15:55:44.652Z", "sku": 34, "whs": 1, "amount": 96}}, {"model": "api.skuinwhs", "pk": 35, "fields": {"created_at": "2023-06-12T15:55:44.652Z", "updated_at": "2023-06-12T15:55:44.652Z", "sku": 35, "whs": 1, "amount": 6}}, {"model": "api.skuinwhs", "pk": 36, "fields": {"created_at": "2023-06-12T15:55:44.652Z", "updated_at": "2023-06-12T15:55:44.652Z", "sku": 36, "whs": 1, "amount": 76}}, {"model": "api.skuinwhs", "pk": 37, "fields": {"created_at": "2023-06-12T15:55:44.652Z", "updated_at": "2023-06-12T15:55:44.652Z", "sku": 37, "whs": 1, "amount": 94}}, {"model": "api.skuinwhs", "pk": 38, "fields": {"created_at": "2023-06-12T15:55:44.652Z", "updated_at": "2023-06-12T15:55:44.652Z", "sku": 38, "whs": 1, "amount": 25}}, {"model": "api.skuinwhs", "pk": 39, "fields": {"created_at": "2023-06-12T15:55:44.652Z", "updated_at": "2023-06-12T15:55:44.652Z", "sku": 39, "whs": 1, "amount": 74}}, {"model": "api.skuinwhs", "pk": 40, "fields": {"created_at": "2023-06-12T15:55:44.652Z", "updated_at": "2023-06-12T15:55:44.652Z", "sku": 40, "whs": 1, "amount": 51}}, {"model": "api.skuinwhs", "pk": 41, "fields": {"created_at": "2023-06-12T15:55:44.652Z", "updated_at": "2023-06-12T15:55:44.653Z", "sku": 41, "whs": 1, "amount": 92}}, {"model": "api.skuinwhs", "pk": 42, "fields": {"created_at": "2023-06-12T15:55:44.653Z", "updated_at": "2023-06-12T15:55:44.653Z", "sku": 42, "whs": 1, "amount": 3}}]